ds,yhat,index
2019-01-01,2.796090586,ModelA
2019-01-02,0.180318734,ModelA
2019-01-03,0.618978054,ModelA
2019-01-04,3.831615936,ModelA
2019-01-05,1.624495107,ModelA
2019-01-06,7.310280057,ModelA
2019-01-07,8.382331933,ModelA
2019-01-08,47.41868184,ModelA
2019-01-09,95.93986824,ModelA
2019-01-10,7.569856557,ModelA
2019-01-11,11.77936097,ModelA
2019-01-12,10.82049039,ModelA
2019-01-13,11.54931435,ModelA
2019-01-14,9.385777396,ModelA
2019-01-15,4.47158423,ModelA
2019-01-16,3.620213256,ModelA
2019-01-17,8.190833965,ModelA
2019-01-18,10.27740636,ModelA
2019-01-19,13.83693782,ModelA
2019-01-20,6.831132262,ModelA
2019-01-21,4.292747976,ModelA
2019-01-22,6.98684441,ModelA
2019-01-23,9.329068188,ModelA
2019-01-24,8.634694577,ModelA
2019-01-25,0.724362702,ModelA
2019-01-26,1.13445871,ModelA
2019-01-27,6.492212853,ModelA
2019-01-28,12.17258962,ModelA
2019-01-29,12.34794173,ModelA
2019-01-30,8.209523492,ModelA
2019-01-31,7.603957198,ModelA
2019-02-01,10.58271605,ModelA
2019-02-02,12.62349802,ModelA
2019-02-03,11.11098308,ModelA
2019-02-04,10.8893793,ModelA
2019-02-05,9.019972699,ModelA
2019-02-06,7.279175807,ModelA
2019-02-07,11.34117395,ModelA
2019-02-08,13.42883219,ModelA
2019-02-09,11.40356544,ModelA
2019-02-10,0.34425898,ModelA
2019-02-11,9.917956378,ModelA
2019-02-12,8.591851556,ModelA
2019-02-13,15.15032664,ModelA
2019-02-14,19.70408021,ModelA
2019-02-15,21.01592147,ModelA
2019-02-16,21.6828552,ModelA
2019-02-17,21.53575689,ModelA
2019-02-18,13.9669474,ModelA
2019-02-19,17.04499605,ModelA
2019-02-20,14.49065402,ModelA
2019-02-21,9.286114117,ModelA
2019-02-22,10.54342488,ModelA
2019-02-23,14.57041973,ModelA
2019-02-24,16.42169456,ModelA
2019-02-25,15.44641129,ModelA
2019-02-26,26.41803514,ModelA
2019-02-27,19.05287323,ModelA
2019-02-28,12.71025116,ModelA
2019-03-01,14.00461275,ModelA
2019-03-02,20.3053505,ModelA
2019-03-03,21.81160564,ModelA
2019-03-04,12.0310531,ModelA
2019-03-05,14.14071425,ModelA
2019-03-06,15.22759114,ModelA
2019-03-07,7.901619189,ModelA
2019-03-08,6.79416195,ModelA
2019-03-09,4.076135547,ModelA
2019-03-10,42.36655451,ModelA
2019-03-11,11.43445938,ModelA
2019-03-12,13.82080563,ModelA
2019-03-13,21.04076471,ModelA
2019-03-14,36.35316337,ModelA
2019-03-15,21.75658031,ModelA
2019-03-16,16.80041909,ModelA
2019-03-17,13.62938899,ModelA
2019-03-18,6.848304445,ModelA
2019-03-19,9.98114817,ModelA
2019-03-20,9.448327736,ModelA
2019-03-21,13.91909138,ModelA
2019-03-22,44.34830402,ModelA
2019-03-23,10.59237802,ModelA
2019-03-24,4.432837252,ModelA
2019-03-25,2.61157111,ModelA
2019-03-26,2.480153304,ModelA
2019-03-27,7.474896651,ModelA
2019-03-28,7.272222267,ModelA
2019-03-29,7.951911146,ModelA
2019-03-30,13.75324753,ModelA
2019-03-31,9.36021709,ModelA
2019-04-01,2.981734527,ModelA
2019-04-02,1.022805184,ModelA
2019-04-03,0.346617698,ModelA
2019-04-04,1.283023412,ModelA
2019-04-05,0.507165784,ModelA
2019-04-06,3.954863668,ModelA
2019-04-07,6.919760653,ModelA
2019-04-08,3.777496154,ModelA
2019-04-09,17.35830104,ModelA
2019-04-10,14.26851655,ModelA
2019-04-11,5.237199197,ModelA
2019-04-12,1.268789643,ModelA
2019-04-13,11.73366537,ModelA
2019-04-14,13.00844988,ModelA
2019-04-15,7.454186478,ModelA
2019-04-16,3.555461013,ModelA
2019-04-17,7.471782188,ModelA
2019-04-18,7.589632732,ModelA
2019-04-19,1.743065653,ModelA
2019-04-20,4.799218777,ModelA
2019-04-21,13.62930348,ModelA
2019-04-22,12.67951173,ModelA
2019-04-23,10.76020421,ModelA
2019-04-24,6.629825094,ModelA
2019-04-25,1.701951471,ModelA
2019-04-26,2.487248113,ModelA
2019-04-27,2.958418519,ModelA
2019-04-28,5.541525132,ModelA
2019-04-29,4.362796261,ModelA
2019-04-30,0.613190021,ModelA
2019-05-01,5.476549724,ModelA
2019-05-02,14.60308359,ModelA
2019-05-03,15.69513846,ModelA
2019-05-04,21.61480759,ModelA
2019-05-05,23.19549095,ModelA
2019-05-06,16.16820011,ModelA
2019-05-07,9.780530903,ModelA
2019-05-08,7.726187838,ModelA
2019-05-09,5.377395069,ModelA
2019-05-10,1.809439618,ModelA
2019-05-11,6.472139723,ModelA
2019-05-12,4.151234254,ModelA
2019-05-13,0.208649505,ModelA
2019-05-14,3.417129536,ModelA
2019-05-15,1.338149346,ModelA
2019-05-16,0.934899929,ModelA
2019-05-17,3.684343195,ModelA
2019-05-18,4.538668507,ModelA
2019-05-19,4.876396686,ModelA
2019-05-20,1.443858954,ModelA
2019-05-21,5.576697626,ModelA
2019-05-22,1.558213118,ModelA
2019-05-23,0.093552237,ModelA
2019-05-24,3.121890597,ModelA
2019-05-25,4.405630334,ModelA
2019-05-26,2.749573411,ModelA
2019-05-27,2.301514715,ModelA
2019-05-28,3.724321924,ModelA
2019-05-29,1.928867308,ModelA
2019-05-30,4.846177596,ModelA
2019-05-31,7.894044753,ModelA
2019-06-01,3.762880524,ModelA
2019-06-02,1.107848982,ModelA
2019-06-03,3.492772431,ModelA
2019-06-04,1.640253468,ModelA
2019-06-05,7.391227673,ModelA
2019-06-06,9.266571303,ModelA
2019-06-07,7.270098016,ModelA
2019-06-08,0.034226604,ModelA
2019-06-09,3.380904242,ModelA
2019-06-10,5.221786766,ModelA
2019-06-11,0.523981467,ModelA
2019-06-12,2.221222806,ModelA
2019-06-13,0.564647859,ModelA
2019-06-14,0.761463188,ModelA
2019-06-15,0.284529478,ModelA
2019-06-16,14.55378481,ModelA
2019-06-17,15.76094195,ModelA
2019-06-18,13.28290424,ModelA
2019-06-19,11.39073078,ModelA
2019-06-20,5.203556527,ModelA
2019-06-21,7.574763559,ModelA
2019-06-22,8.386219114,ModelA
2019-06-23,14.64520362,ModelA
2019-06-24,15.36208119,ModelA
2019-06-25,12.84585338,ModelA
2019-06-26,10.27529415,ModelA
2019-06-27,9.721994504,ModelA
2019-06-28,11.45748748,ModelA
2019-06-29,14.04383673,ModelA
2019-06-30,12.09193569,ModelA
2019-07-01,10.65206198,ModelA
2019-07-02,10.15963636,ModelA
2019-07-03,7.859542987,ModelA
2019-07-04,5.93557933,ModelA
2019-07-05,1.148082392,ModelA
2019-07-06,17.61803865,ModelA
2019-07-07,20.43810627,ModelA
2019-07-08,14.92530714,ModelA
2019-07-09,11.81683665,ModelA
2019-07-10,11.98033971,ModelA
2019-07-11,23.76178433,ModelA
2019-07-12,29.92020398,ModelA
2019-07-13,27.52414766,ModelA
2019-07-14,26.15349426,ModelA
2019-07-15,22.94565565,ModelA
2019-07-16,16.85954032,ModelA
2019-07-17,18.40866476,ModelA
2019-07-18,15.79164738,ModelA
2019-07-19,18.45345316,ModelA
2019-07-20,13.04369722,ModelA
2019-07-21,18.08749285,ModelA
2019-07-22,14.84928359,ModelA
2019-07-23,18.77506642,ModelA
2019-07-24,18.18972081,ModelA
2019-07-25,16.70624604,ModelA
2019-07-26,8.882279822,ModelA
2019-07-27,8.660997789,ModelA
2019-07-28,3.484586416,ModelA
2019-07-29,13.22696737,ModelA
2019-07-30,11.00994868,ModelA
2019-07-31,19.19789024,ModelA
2019-08-01,17.43234062,ModelA
2019-08-02,14.98561562,ModelA
2019-08-03,11.69435001,ModelA
2019-08-04,8.92568035,ModelA
2019-08-05,5.969956544,ModelA
2019-08-06,11.10262769,ModelA
2019-08-07,11.51626744,ModelA
2019-08-08,6.478175394,ModelA
2019-08-09,18.89649801,ModelA
2019-08-10,9.615730654,ModelA
2019-08-11,6.975720881,ModelA
2019-08-12,2.212277131,ModelA
2019-08-13,4.070115949,ModelA
2019-08-14,4.573524164,ModelA
2019-08-15,5.429446723,ModelA
2019-08-16,20.63205715,ModelA
2019-08-17,21.1931542,ModelA
2019-08-18,11.68720719,ModelA
2019-08-19,7.813137154,ModelA
2019-08-20,7.317084709,ModelA
2019-08-21,3.358759145,ModelA
2019-08-22,3.872069618,ModelA
2019-08-23,2.491039551,ModelA
2019-08-24,3.915918465,ModelA
2019-08-25,5.827578692,ModelA
2019-08-26,8.857356361,ModelA
2019-08-27,9.860344942,ModelA
2019-08-28,5.603436517,ModelA
2019-08-29,4.475315806,ModelA
2019-08-30,1.972064889,ModelA
2019-08-31,3.659303343,ModelA
2019-09-01,9.562318047,ModelA
2019-09-02,8.012571682,ModelA
2019-09-03,1.106132767,ModelA
2019-09-04,0.107491882,ModelA
2019-09-05,1.714328824,ModelA
2019-09-06,4.757882651,ModelA
2019-09-07,7.013683874,ModelA
2019-09-08,10.69354889,ModelA
2019-09-09,8.143456498,ModelA
2019-09-10,2.680956346,ModelA
2019-09-11,8.862889426,ModelA
2019-09-12,10.76211875,ModelA
2019-09-13,6.207847593,ModelA
2019-09-14,2.823819325,ModelA
2019-09-15,0.651838318,ModelA
2019-09-16,4.409503582,ModelA
2019-09-17,3.885590752,ModelA
2019-09-18,0.881824627,ModelA
2019-09-19,4.107889323,ModelA
2019-09-20,1.58405462,ModelA
2019-09-21,2.817170008,ModelA
2019-09-22,9.939847892,ModelA
2019-09-23,6.725757567,ModelA
2019-09-24,0.771555455,ModelA
2019-09-25,0.094307095,ModelA
2019-09-26,10.63303072,ModelA
2019-09-27,11.24936534,ModelA
2019-09-28,7.036367247,ModelA
2019-09-29,2.911488903,ModelA
2019-09-30,9.474093708,ModelA
2019-10-01,20.32632015,ModelA
2019-10-02,11.9717268,ModelA
2019-10-03,15.42095606,ModelA
2019-10-04,11.21737197,ModelA
2019-10-05,11.40034223,ModelA
2019-10-06,4.98991694,ModelA
2019-10-07,7.091819194,ModelA
2019-10-08,4.230275417,ModelA
2019-10-09,2.731212175,ModelA
2019-10-10,1.16675257,ModelA
2019-10-11,2.859482616,ModelA
2019-10-12,22.93250666,ModelA
2019-10-13,14.94310095,ModelA
2019-10-14,5.765167269,ModelA
2019-10-15,11.49454596,ModelA
2019-10-16,10.73782866,ModelA
2019-10-17,9.814716483,ModelA
2019-10-18,10.74590144,ModelA
2019-10-19,13.31862577,ModelA
2019-10-20,15.73009764,ModelA
2019-10-21,15.75742614,ModelA
2019-10-22,13.43414624,ModelA
2019-10-23,13.79798303,ModelA
2019-10-24,10.39239921,ModelA
2019-10-25,9.14436176,ModelA
2019-10-26,11.98840621,ModelA
2019-10-27,10.16482937,ModelA
2019-10-28,6.92172604,ModelA
2019-10-29,2.569004539,ModelA
2019-10-30,5.839514021,ModelA
2019-10-31,0.583649909,ModelA
2019-11-01,3.511199584,ModelA
2019-11-02,8.272309768,ModelA
2019-11-03,5.491458036,ModelA
2019-11-04,7.557007548,ModelA
2019-11-05,0.393598344,ModelA
2019-11-06,4.025134556,ModelA
2019-11-07,12.08115158,ModelA
2019-11-08,4.288742763,ModelA
2019-11-09,1.415007339,ModelA
2019-11-10,0.996969746,ModelA
2019-11-11,0.65897718,ModelA
2019-11-12,0.926423717,ModelA
2019-11-13,2.894986818,ModelA
2019-11-14,2.2366657,ModelA
2019-11-15,3.231344086,ModelA
2019-11-16,2.973774108,ModelA
2019-11-17,1.441049868,ModelA
2019-11-18,2.067016007,ModelA
2019-11-19,1.45911405,ModelA
2019-11-20,7.443825855,ModelA
2019-11-21,1.79910742,ModelA
2019-11-22,1.617681316,ModelA
2019-11-23,1.120011739,ModelA
2019-11-24,0.266897408,ModelA
2019-11-25,5.190753368,ModelA
2019-11-26,5.207020359,ModelA
2019-11-27,8.120891083,ModelA
2019-11-28,5.837331453,ModelA
2019-11-29,77.27700995,ModelA
2019-11-30,3.446381051,ModelA
2019-12-01,5.130622569,ModelA
2019-12-02,0.089456781,ModelA
2019-12-03,3.535816772,ModelA
2019-12-04,6.467634732,ModelA
2019-12-05,11.75042005,ModelA
2019-12-06,46.94474723,ModelA
2019-12-07,7.910850946,ModelA
2019-12-08,5.886525359,ModelA
2019-12-09,2.033892413,ModelA
2019-12-10,1.050917919,ModelA
2019-12-11,5.277169644,ModelA
2019-12-12,10.22836592,ModelA
2019-12-13,0.409866636,ModelA
2019-12-14,3.197178493,ModelA
2019-12-15,4.609751999,ModelA
2019-12-16,5.276570487,ModelA
2019-12-17,6.229738272,ModelA
2019-12-18,7.367856877,ModelA
2019-12-19,0.910022344,ModelA
2019-12-20,0.954506565,ModelA
2019-12-21,3.398990397,ModelA
2019-12-22,3.993297472,ModelA
2019-12-23,6.554682867,ModelA
2019-12-24,1.822685922,ModelA
2019-12-25,4.851353125,ModelA
2019-12-26,4.42898014,ModelA
2019-12-27,6.887149582,ModelA
2019-12-28,1.761467528,ModelA
2019-12-29,0.789430356,ModelA
2019-12-30,4.095069826,ModelA
2019-12-31,6.490214447,ModelA
2019-01-01,0.529783356,ModelB
2019-01-02,0.093016696,ModelB
2019-01-03,1.10672886,ModelB
2019-01-04,0.063053071,ModelB
2019-01-05,3.668328633,ModelB
2019-01-06,3.833614541,ModelB
2019-01-07,5.586732217,ModelB
2019-01-08,83.9149131,ModelB
2019-01-09,154.5188709,ModelB
2019-01-10,13.48136614,ModelB
2019-01-11,23.15160303,ModelB
2019-01-12,18.67500249,ModelB
2019-01-13,17.16321072,ModelB
2019-01-14,12.33931875,ModelB
2019-01-15,5.766316514,ModelB
2019-01-16,3.401141479,ModelB
2019-01-17,4.97051338,ModelB
2019-01-18,6.690657185,ModelB
2019-01-19,9.028389206,ModelB
2019-01-20,1.955046869,ModelB
2019-01-21,1.357019624,ModelB
2019-01-22,1.044243909,ModelB
2019-01-23,1.519086128,ModelB
2019-01-24,1.872627996,ModelB
2019-01-25,7.095759428,ModelB
2019-01-26,4.094942143,ModelB
2019-01-27,0.099441503,ModelB
2019-01-28,3.304526662,ModelB
2019-01-29,4.078622443,ModelB
2019-01-30,0.13199907,ModelB
2019-01-31,3.184696165,ModelB
2019-02-01,0.602777424,ModelB
2019-02-02,0.127132403,ModelB
2019-02-03,3.437201001,ModelB
2019-02-04,2.135798781,ModelB
2019-02-05,3.025901956,ModelB
2019-02-06,5.107435709,ModelB
2019-02-07,0.004425282,ModelB
2019-02-08,0.568911149,ModelB
2019-02-09,2.558911377,ModelB
2019-02-10,7.588793812,ModelB
2019-02-11,2.137525721,ModelB
2019-02-12,3.559384457,ModelB
2019-02-13,4.68479165,ModelB
2019-02-14,4.854257396,ModelB
2019-02-15,6.350736632,ModelB
2019-02-16,8.480140872,ModelB
2019-02-17,7.394804395,ModelB
2019-02-18,1.207739326,ModelB
2019-02-19,5.602316422,ModelB
2019-02-20,1.423553484,ModelB
2019-02-21,1.146305274,ModelB
2019-02-22,5.436612685,ModelB
2019-02-23,6.692082393,ModelB
2019-02-24,4.502607655,ModelB
2019-02-25,5.246441066,ModelB
2019-02-26,30.13042442,ModelB
2019-02-27,17.52271127,ModelB
2019-02-28,9.255924348,ModelB
2019-03-01,11.19118539,ModelB
2019-03-02,21.79789721,ModelB
2019-03-03,23.93431757,ModelB
2019-03-04,12.09415129,ModelB
2019-03-05,10.91966987,ModelB
2019-03-06,10.4055718,ModelB
2019-03-07,4.223556548,ModelB
2019-03-08,2.722022732,ModelB
2019-03-09,3.408326476,ModelB
2019-03-10,68.90486301,ModelB
2019-03-11,16.09140423,ModelB
2019-03-12,17.90210255,ModelB
2019-03-13,23.78669878,ModelB
2019-03-14,51.95859868,ModelB
2019-03-15,21.40713776,ModelB
2019-03-16,24.13872453,ModelB
2019-03-17,17.51725725,ModelB
2019-03-18,12.34270622,ModelB
2019-03-19,13.5559965,ModelB
2019-03-20,8.60088512,ModelB
2019-03-21,7.57947474,ModelB
2019-03-22,59.00528361,ModelB
2019-03-23,13.17963737,ModelB
2019-03-24,9.938757073,ModelB
2019-03-25,10.96811797,ModelB
2019-03-26,7.571789304,ModelB
2019-03-27,6.561153591,ModelB
2019-03-28,5.878726155,ModelB
2019-03-29,7.1279812,ModelB
2019-03-30,9.947768173,ModelB
2019-03-31,6.02094628,ModelB
2019-04-01,3.288683218,ModelB
2019-04-02,1.817017117,ModelB
2019-04-03,7.744010415,ModelB
2019-04-04,10.28185367,ModelB
2019-04-05,8.498961167,ModelB
2019-04-06,5.120025909,ModelB
2019-04-07,8.998579467,ModelB
2019-04-08,12.28345274,ModelB
2019-04-09,18.24922702,ModelB
2019-04-10,12.91377584,ModelB
2019-04-11,4.417891294,ModelB
2019-04-12,0.996446525,ModelB
2019-04-13,6.868629788,ModelB
2019-04-14,7.938432916,ModelB
2019-04-15,1.366240957,ModelB
2019-04-16,0.333849381,ModelB
2019-04-17,2.480617172,ModelB
2019-04-18,4.777487867,ModelB
2019-04-19,0.321595345,ModelB
2019-04-20,5.258063495,ModelB
2019-04-21,12.69224425,ModelB
2019-04-22,10.10694658,ModelB
2019-04-23,8.280025461,ModelB
2019-04-24,5.730730061,ModelB
2019-04-25,2.719978071,ModelB
2019-04-26,3.227523105,ModelB
2019-04-27,1.785244024,ModelB
2019-04-28,3.412975335,ModelB
2019-04-29,4.230116205,ModelB
2019-04-30,9.094544566,ModelB
2019-05-01,15.24277885,ModelB
2019-05-02,23.74593892,ModelB
2019-05-03,19.22083419,ModelB
2019-05-04,21.28464693,ModelB
2019-05-05,19.63243372,ModelB
2019-05-06,13.13101118,ModelB
2019-05-07,9.362645759,ModelB
2019-05-08,7.955888922,ModelB
2019-05-09,9.110855504,ModelB
2019-05-10,5.808489858,ModelB
2019-05-11,2.448178148,ModelB
2019-05-12,5.150936209,ModelB
2019-05-13,9.797785738,ModelB
2019-05-14,13.22273872,ModelB
2019-05-15,12.57027479,ModelB
2019-05-16,10.45454036,ModelB
2019-05-17,8.892666045,ModelB
2019-05-18,9.340566071,ModelB
2019-05-19,10.14391807,ModelB
2019-05-20,13.59152007,ModelB
2019-05-21,10.82144125,ModelB
2019-05-22,12.48268046,ModelB
2019-05-23,12.28241986,ModelB
2019-05-24,10.43128138,ModelB
2019-05-25,11.64345725,ModelB
2019-05-26,9.820244953,ModelB
2019-05-27,13.67226912,ModelB
2019-05-28,15.97718919,ModelB
2019-05-29,15.92187316,ModelB
2019-05-30,10.21338806,ModelB
2019-05-31,10.0110179,ModelB
2019-06-01,12.08801937,ModelB
2019-06-02,10.69822738,ModelB
2019-06-03,13.41034286,ModelB
2019-06-04,10.7935606,ModelB
2019-06-05,7.248740455,ModelB
2019-06-06,7.571019418,ModelB
2019-06-07,8.185319684,ModelB
2019-06-08,11.45901258,ModelB
2019-06-09,7.48891469,ModelB
2019-06-10,8.566999695,ModelB
2019-06-11,10.87126733,ModelB
2019-06-12,9.943339012,ModelB
2019-06-13,7.198247116,ModelB
2019-06-14,7.800148348,ModelB
2019-06-15,7.385251062,ModelB
2019-06-16,2.731547117,ModelB
2019-06-17,5.262227197,ModelB
2019-06-18,10.62993911,ModelB
2019-06-19,11.96186946,ModelB
2019-06-20,15.34092462,ModelB
2019-06-21,12.59705828,ModelB
2019-06-22,10.48649369,ModelB
2019-06-23,5.823165674,ModelB
2019-06-24,8.805513971,ModelB
2019-06-25,10.12721052,ModelB
2019-06-26,8.860394925,ModelB
2019-06-27,4.873475662,ModelB
2019-06-28,2.982078053,ModelB
2019-06-29,1.47122334,ModelB
2019-06-30,3.770382074,ModelB
2019-07-01,4.784492601,ModelB
2019-07-02,4.380920631,ModelB
2019-07-03,3.676392337,ModelB
2019-07-04,5.492322246,ModelB
2019-07-05,9.845349411,ModelB
2019-07-06,14.94037529,ModelB
2019-07-07,14.92720821,ModelB
2019-07-08,6.272725731,ModelB
2019-07-09,5.340054036,ModelB
2019-07-10,3.122749363,ModelB
2019-07-11,13.10731299,ModelB
2019-07-12,6.395597974,ModelB
2019-07-13,4.423318812,ModelB
2019-07-14,3.649297982,ModelB
2019-07-15,4.375066189,ModelB
2019-07-16,2.119597151,ModelB
2019-07-17,5.721618054,ModelB
2019-07-18,5.291848874,ModelB
2019-07-19,7.651740969,ModelB
2019-07-20,4.186898865,ModelB
2019-07-21,7.504403123,ModelB
2019-07-22,8.995739185,ModelB
2019-07-23,10.13692857,ModelB
2019-07-24,8.203082593,ModelB
2019-07-25,7.171599776,ModelB
2019-07-26,3.693906584,ModelB
2019-07-27,4.383213647,ModelB
2019-07-28,3.845137734,ModelB
2019-07-29,7.780761887,ModelB
2019-07-30,0.897947923,ModelB
2019-07-31,3.655628077,ModelB
2019-08-01,1.746783483,ModelB
2019-08-02,0.872536776,ModelB
2019-08-03,0.557613552,ModelB
2019-08-04,0.439698651,ModelB
2019-08-05,0.959938028,ModelB
2019-08-06,5.881563841,ModelB
2019-08-07,4.948172179,ModelB
2019-08-08,0.077833364,ModelB
2019-08-09,4.541083041,ModelB
2019-08-10,1.576313695,ModelB
2019-08-11,0.459787834,ModelB
2019-08-12,1.496905113,ModelB
2019-08-13,1.847561846,ModelB
2019-08-14,2.765727988,ModelB
2019-08-15,4.056087381,ModelB
2019-08-16,17.35917982,ModelB
2019-08-17,9.915406944,ModelB
2019-08-18,4.739378179,ModelB
2019-08-19,4.673847682,ModelB
2019-08-20,2.725672136,ModelB
2019-08-21,3.225975486,ModelB
2019-08-22,3.098000514,ModelB
2019-08-23,2.436025732,ModelB
2019-08-24,0.463703916,ModelB
2019-08-25,0.09213232,ModelB
2019-08-26,0.076702673,ModelB
2019-08-27,2.519150908,ModelB
2019-08-28,2.42524596,ModelB
2019-08-29,0.687526912,ModelB
2019-08-30,0.004082998,ModelB
2019-08-31,1.361178167,ModelB
2019-09-01,4.568500106,ModelB
2019-09-02,2.395635453,ModelB
2019-09-03,2.898629237,ModelB
2019-09-04,4.868645616,ModelB
2019-09-05,4.403046629,ModelB
2019-09-06,3.907880564,ModelB
2019-09-07,7.998814267,ModelB
2019-09-08,6.402996887,ModelB
2019-09-09,5.838819834,ModelB
2019-09-10,1.092106371,ModelB
2019-09-11,1.000455756,ModelB
2019-09-12,0.375098531,ModelB
2019-09-13,1.277942065,ModelB
2019-09-14,3.810107058,ModelB
2019-09-15,3.296470972,ModelB
2019-09-16,3.132517625,ModelB
2019-09-17,3.148074444,ModelB
2019-09-18,3.068869318,ModelB
2019-09-19,3.635494527,ModelB
2019-09-20,1.193312047,ModelB
2019-09-21,0.645459145,ModelB
2019-09-22,0.961847046,ModelB
2019-09-23,4.422691475,ModelB
2019-09-24,7.218892551,ModelB
2019-09-25,4.368630275,ModelB
2019-09-26,3.031878744,ModelB
2019-09-27,3.843609134,ModelB
2019-09-28,0.891881277,ModelB
2019-09-29,3.243591618,ModelB
2019-09-30,1.375437009,ModelB
2019-10-01,3.302810105,ModelB
2019-10-02,0.685997283,ModelB
2019-10-03,6.388660389,ModelB
2019-10-04,2.462493863,ModelB
2019-10-05,3.947745018,ModelB
2019-10-06,0.148739396,ModelB
2019-10-07,2.881951938,ModelB
2019-10-08,3.080848743,ModelB
2019-10-09,2.756048126,ModelB
2019-10-10,0.807046277,ModelB
2019-10-11,0.36063569,ModelB
2019-10-12,40.63368869,ModelB
2019-10-13,24.44770875,ModelB
2019-10-14,8.209550399,ModelB
2019-10-15,7.176505987,ModelB
2019-10-16,0.388954144,ModelB
2019-10-17,3.446194997,ModelB
2019-10-18,3.995229855,ModelB
2019-10-19,4.39382227,ModelB
2019-10-20,4.432686275,ModelB
2019-10-21,5.929965613,ModelB
2019-10-22,7.791216329,ModelB
2019-10-23,6.488087736,ModelB
2019-10-24,6.02641301,ModelB
2019-10-25,4.843619649,ModelB
2019-10-26,1.053830053,ModelB
2019-10-27,0.473514893,ModelB
2019-10-28,1.77945584,ModelB
2019-10-29,4.35491263,ModelB
2019-10-30,6.376261053,ModelB
2019-10-31,3.345619683,ModelB
2019-11-01,5.023573222,ModelB
2019-11-02,3.188528156,ModelB
2019-11-03,5.469877219,ModelB
2019-11-04,4.501043314,ModelB
2019-11-05,7.058770063,ModelB
2019-11-06,4.192559102,ModelB
2019-11-07,3.219928528,ModelB
2019-11-08,0.480251471,ModelB
2019-11-09,2.308327888,ModelB
2019-11-10,4.010801172,ModelB
2019-11-11,9.14558684,ModelB
2019-11-12,10.34445328,ModelB
2019-11-13,10.33738396,ModelB
2019-11-14,11.38158711,ModelB
2019-11-15,11.57043239,ModelB
2019-11-16,11.58186239,ModelB
2019-11-17,12.61291581,ModelB
2019-11-18,10.86081344,ModelB
2019-11-19,10.36046268,ModelB
2019-11-20,8.291525345,ModelB
2019-11-21,7.457850263,ModelB
2019-11-22,6.042669632,ModelB
2019-11-23,0.344234176,ModelB
2019-11-24,2.159655302,ModelB
2019-11-25,7.63695689,ModelB
2019-11-26,3.236178275,ModelB
2019-11-27,3.733239853,ModelB
2019-11-28,6.419082669,ModelB
2019-11-29,124.8919333,ModelB
2019-11-30,7.429800271,ModelB
2019-12-01,7.695971279,ModelB
2019-12-02,5.126720064,ModelB
2019-12-03,5.405120991,ModelB
2019-12-04,4.468102754,ModelB
2019-12-05,21.20827755,ModelB
2019-12-06,78.18404667,ModelB
2019-12-07,12.16570215,ModelB
2019-12-08,14.15110431,ModelB
2019-12-09,14.06823328,ModelB
2019-12-10,9.475885505,ModelB
2019-12-11,3.403393368,ModelB
2019-12-12,0.046528371,ModelB
2019-12-13,7.810727675,ModelB
2019-12-14,1.093060396,ModelB
2019-12-15,1.787937309,ModelB
2019-12-16,2.101804414,ModelB
2019-12-17,4.844508168,ModelB
2019-12-18,1.133585438,ModelB
2019-12-19,5.372624321,ModelB
2019-12-20,6.034339025,ModelB
2019-12-21,2.701289826,ModelB
2019-12-22,1.866711015,ModelB
2019-12-23,0.91587336,ModelB
2019-12-24,5.223544205,ModelB
2019-12-25,12.69681808,ModelB
2019-12-26,0.333682434,ModelB
2019-12-27,0.171108727,ModelB
2019-12-28,3.379856972,ModelB
2019-12-29,6.98011556,ModelB
2019-12-30,2.227806994,ModelB
2019-12-31,0.428304844,ModelB
2019-01-01,6.554782815,ModelC
2019-01-02,7.249488868,ModelC
2019-01-03,7.204941074,ModelC
2019-01-04,4.864642257,ModelC
2019-01-05,1.824224871,ModelC
2019-01-06,2.018778502,ModelC
2019-01-07,1.33029617,ModelC
2019-01-08,90.56394653,ModelC
2019-01-09,143.0463598,ModelC
2019-01-10,6.846863013,ModelC
2019-01-11,12.45354639,ModelC
2019-01-12,6.846083714,ModelC
2019-01-13,5.833619922,ModelC
2019-01-14,2.279502473,ModelC
2019-01-15,2.649285776,ModelC
2019-01-16,4.05837371,ModelC
2019-01-17,4.3415793,ModelC
2019-01-18,2.594400479,ModelC
2019-01-19,1.49471913,ModelC
2019-01-20,4.767402504,ModelC
2019-01-21,9.756320398,ModelC
2019-01-22,8.541568875,ModelC
2019-01-23,8.201906514,ModelC
2019-01-24,8.628716504,ModelC
2019-01-25,11.49866687,ModelC
2019-01-26,10.68369366,ModelC
2019-01-27,9.816260508,ModelC
2019-01-28,7.93602186,ModelC
2019-01-29,7.595651468,ModelC
2019-01-30,9.522852242,ModelC
2019-01-31,12.59956276,ModelC
2019-02-01,10.1230682,ModelC
2019-02-02,10.42579902,ModelC
2019-02-03,13.05899296,ModelC
2019-02-04,11.74673623,ModelC
2019-02-05,11.10059823,ModelC
2019-02-06,13.3328477,ModelC
2019-02-07,9.867789255,ModelC
2019-02-08,9.227720552,ModelC
2019-02-09,10.38853552,ModelC
2019-02-10,9.759618302,ModelC
2019-02-11,7.893776436,ModelC
2019-02-12,3.500856798,ModelC
2019-02-13,4.756402527,ModelC
2019-02-14,3.66471343,ModelC
2019-02-15,2.617250989,ModelC
2019-02-16,2.251536726,ModelC
2019-02-17,2.819740136,ModelC
2019-02-18,5.230882063,ModelC
2019-02-19,2.43995807,ModelC
2019-02-20,7.405618584,ModelC
2019-02-21,8.001341171,ModelC
2019-02-22,1.450892165,ModelC
2019-02-23,2.820546844,ModelC
2019-02-24,5.482937514,ModelC
2019-02-25,4.919243642,ModelC
2019-02-26,17.11393815,ModelC
2019-02-27,8.516030522,ModelC
2019-02-28,0.921127093,ModelC
2019-03-01,2.117680881,ModelC
2019-03-02,10.19764334,ModelC
2019-03-03,13.52980235,ModelC
2019-03-04,2.236621681,ModelC
2019-03-05,0.80183649,ModelC
2019-03-06,1.544584435,ModelC
2019-03-07,4.61609962,ModelC
2019-03-08,4.192766653,ModelC
2019-03-09,2.291422268,ModelC
2019-03-10,54.01030845,ModelC
2019-03-11,6.591326325,ModelC
2019-03-12,7.355581128,ModelC
2019-03-13,12.24712022,ModelC
2019-03-14,36.71851855,ModelC
2019-03-15,12.18005528,ModelC
2019-03-16,12.83705021,ModelC
2019-03-17,7.144165436,ModelC
2019-03-18,2.559589767,ModelC
2019-03-19,1.823782651,ModelC
2019-03-20,2.134821617,ModelC
2019-03-21,1.30660797,ModelC
2019-03-22,40.47362777,ModelC
2019-03-23,4.273974167,ModelC
2019-03-24,2.99821368,ModelC
2019-03-25,3.506246487,ModelC
2019-03-26,2.846146272,ModelC
2019-03-27,5.813590021,ModelC
2019-03-28,3.012021593,ModelC
2019-03-29,0.405885793,ModelC
2019-03-30,0.301088889,ModelC
2019-03-31,0.692372609,ModelC
2019-04-01,0.726571628,ModelC
2019-04-02,0.39344003,ModelC
2019-04-03,1.642465605,ModelC
2019-04-04,4.520176137,ModelC
2019-04-05,4.522731495,ModelC
2019-04-06,1.043521437,ModelC
2019-04-07,5.15349674,ModelC
2019-04-08,5.062152893,ModelC
2019-04-09,4.898655602,ModelC
2019-04-10,3.58350834,ModelC
2019-04-11,0.306666491,ModelC
2019-04-12,3.101729358,ModelC
2019-04-13,4.520849059,ModelC
2019-04-14,1.972198104,ModelC
2019-04-15,4.887426605,ModelC
2019-04-16,3.029357685,ModelC
2019-04-17,6.013762518,ModelC
2019-04-18,1.968153291,ModelC
2019-04-19,2.252196338,ModelC
2019-04-20,1.345857643,ModelC
2019-04-21,3.211943834,ModelC
2019-04-22,2.741422162,ModelC
2019-04-23,1.104023614,ModelC
2019-04-24,0.773396776,ModelC
2019-04-25,0.59646135,ModelC
2019-04-26,2.403518759,ModelC
2019-04-27,1.675650985,ModelC
2019-04-28,1.987146245,ModelC
2019-04-29,1.715931959,ModelC
2019-04-30,5.12834154,ModelC
2019-05-01,10.0273335,ModelC
2019-05-02,16.93171787,ModelC
2019-05-03,9.97032953,ModelC
2019-05-04,9.753645777,ModelC
2019-05-05,8.28910052,ModelC
2019-05-06,5.260756369,ModelC
2019-05-07,4.574015496,ModelC
2019-05-08,3.974002322,ModelC
2019-05-09,4.385128978,ModelC
2019-05-10,3.635069223,ModelC
2019-05-11,2.305365301,ModelC
2019-05-12,3.899124573,ModelC
2019-05-13,5.898473432,ModelC
2019-05-14,7.702929343,ModelC
2019-05-15,7.855474845,ModelC
2019-05-16,6.794273748,ModelC
2019-05-17,6.466205758,ModelC
2019-05-18,7.146603047,ModelC
2019-05-19,7.686834704,ModelC
2019-05-20,9.580419273,ModelC
2019-05-21,7.996263429,ModelC
2019-05-22,7.58005342,ModelC
2019-05-23,6.652720867,ModelC
2019-05-24,6.689471607,ModelC
2019-05-25,8.265881796,ModelC
2019-05-26,5.966442101,ModelC
2019-05-27,7.640533429,ModelC
2019-05-28,8.357490999,ModelC
2019-05-29,9.872884721,ModelC
2019-05-30,7.075852119,ModelC
2019-05-31,6.84786615,ModelC
2019-06-01,5.80271581,ModelC
2019-06-02,4.867079693,ModelC
2019-06-03,5.846747759,ModelC
2019-06-04,4.684733484,ModelC
2019-06-05,3.486918031,ModelC
2019-06-06,3.603502327,ModelC
2019-06-07,4.285794366,ModelC
2019-06-08,3.379811602,ModelC
2019-06-09,2.785742446,ModelC
2019-06-10,3.239694732,ModelC
2019-06-11,2.571893311,ModelC
2019-06-12,1.885631643,ModelC
2019-06-13,1.209560538,ModelC
2019-06-14,2.100656287,ModelC
2019-06-15,0.766988899,ModelC
2019-06-16,2.072353267,ModelC
2019-06-17,3.817716876,ModelC
2019-06-18,6.438295781,ModelC
2019-06-19,7.566501964,ModelC
2019-06-20,7.864926229,ModelC
2019-06-21,7.905692477,ModelC
2019-06-22,6.050381827,ModelC
2019-06-23,5.05347264,ModelC
2019-06-24,6.895054995,ModelC
2019-06-25,5.708439364,ModelC
2019-06-26,4.513629601,ModelC
2019-06-27,1.174612541,ModelC
2019-06-28,0.986265495,ModelC
2019-06-29,0.629264256,ModelC
2019-06-30,1.049983577,ModelC
2019-07-01,0.602907447,ModelC
2019-07-02,0.941282099,ModelC
2019-07-03,0.39672603,ModelC
2019-07-04,0.679713398,ModelC
2019-07-05,1.131395738,ModelC
2019-07-06,1.15116274,ModelC
2019-07-07,4.038265863,ModelC
2019-07-08,2.571922804,ModelC
2019-07-09,4.056433019,ModelC
2019-07-10,4.474810421,ModelC
2019-07-11,13.35503657,ModelC
2019-07-12,2.518089354,ModelC
2019-07-13,4.217038013,ModelC
2019-07-14,2.864275724,ModelC
2019-07-15,3.374989232,ModelC
2019-07-16,3.149337054,ModelC
2019-07-17,2.867704959,ModelC
2019-07-18,3.055179391,ModelC
2019-07-19,1.677065081,ModelC
2019-07-20,0.686919703,ModelC
2019-07-21,1.54927166,ModelC
2019-07-22,1.330236912,ModelC
2019-07-23,0.471133249,ModelC
2019-07-24,0.972259275,ModelC
2019-07-25,2.593843656,ModelC
2019-07-26,2.427675943,ModelC
2019-07-27,2.765364951,ModelC
2019-07-28,3.392087701,ModelC
2019-07-29,2.419479173,ModelC
2019-07-30,5.177704793,ModelC
2019-07-31,5.120954475,ModelC
2019-08-01,5.654117338,ModelC
2019-08-02,5.716125694,ModelC
2019-08-03,4.837298511,ModelC
2019-08-04,4.687887779,ModelC
2019-08-05,4.780038861,ModelC
2019-08-06,4.407262312,ModelC
2019-08-07,6.378343415,ModelC
2019-08-08,7.959548979,ModelC
2019-08-09,8.215649492,ModelC
2019-08-10,6.064706622,ModelC
2019-08-11,2.958260841,ModelC
2019-08-12,1.96704855,ModelC
2019-08-13,2.653864074,ModelC
2019-08-14,2.657887149,ModelC
2019-08-15,2.319654894,ModelC
2019-08-16,6.88936512,ModelC
2019-08-17,0.379346494,ModelC
2019-08-18,0.293652585,ModelC
2019-08-19,0.581352728,ModelC
2019-08-20,3.409141301,ModelC
2019-08-21,3.540485413,ModelC
2019-08-22,3.62654644,ModelC
2019-08-23,2.481736476,ModelC
2019-08-24,2.827829385,ModelC
2019-08-25,3.322181224,ModelC
2019-08-26,3.094699051,ModelC
2019-08-27,5.902499114,ModelC
2019-08-28,6.503168671,ModelC
2019-08-29,5.511737861,ModelC
2019-08-30,6.129083244,ModelC
2019-08-31,6.681866169,ModelC
2019-09-01,5.520419372,ModelC
2019-09-02,5.668212819,ModelC
2019-09-03,4.17463129,ModelC
2019-09-04,2.326308703,ModelC
2019-09-05,2.401040394,ModelC
2019-09-06,2.203113295,ModelC
2019-09-07,0.562164213,ModelC
2019-09-08,2.642468579,ModelC
2019-09-09,3.644083812,ModelC
2019-09-10,4.123060716,ModelC
2019-09-11,3.644464091,ModelC
2019-09-12,3.838654968,ModelC
2019-09-13,4.610507827,ModelC
2019-09-14,5.128993615,ModelC
2019-09-15,9.752222726,ModelC
2019-09-16,10.42825925,ModelC
2019-09-17,8.941286074,ModelC
2019-09-18,8.605860221,ModelC
2019-09-19,8.89968685,ModelC
2019-09-20,6.771271124,ModelC
2019-09-21,8.386389541,ModelC
2019-09-22,6.982151506,ModelC
2019-09-23,8.221972529,ModelC
2019-09-24,8.531458844,ModelC
2019-09-25,8.111979394,ModelC
2019-09-26,6.300849051,ModelC
2019-09-27,4.321229831,ModelC
2019-09-28,6.320458992,ModelC
2019-09-29,7.391944454,ModelC
2019-09-30,6.391434854,ModelC
2019-10-01,8.49372282,ModelC
2019-10-02,4.395015585,ModelC
2019-10-03,0.196199975,ModelC
2019-10-04,0.820306803,ModelC
2019-10-05,2.292777818,ModelC
2019-10-06,2.894556014,ModelC
2019-10-07,4.599787654,ModelC
2019-10-08,4.351800547,ModelC
2019-10-09,3.828482539,ModelC
2019-10-10,5.017257282,ModelC
2019-10-11,5.64792945,ModelC
2019-10-12,56.9001514,ModelC
2019-10-13,19.06211988,ModelC
2019-10-14,0.825817916,ModelC
2019-10-15,5.512581941,ModelC
2019-10-16,12.75856387,ModelC
2019-10-17,13.35376981,ModelC
2019-10-18,12.82542858,ModelC
2019-10-19,14.54373215,ModelC
2019-10-20,13.55257922,ModelC
2019-10-21,13.03026017,ModelC
2019-10-22,13.84146086,ModelC
2019-10-23,13.26537489,ModelC
2019-10-24,12.74722897,ModelC
2019-10-25,11.19440718,ModelC
2019-10-26,10.3494019,ModelC
2019-10-27,9.837841247,ModelC
2019-10-28,10.9296367,ModelC
2019-10-29,10.85702014,ModelC
2019-10-30,11.71613162,ModelC
2019-10-31,12.48014957,ModelC
2019-11-01,13.61528475,ModelC
2019-11-02,11.95426663,ModelC
2019-11-03,13.28911157,ModelC
2019-11-04,11.9125659,ModelC
2019-11-05,11.55164275,ModelC
2019-11-06,7.830440645,ModelC
2019-11-07,6.190529213,ModelC
2019-11-08,7.481773712,ModelC
2019-11-09,10.5336697,ModelC
2019-11-10,10.31753776,ModelC
2019-11-11,16.288035,ModelC
2019-11-12,17.48353958,ModelC
2019-11-13,16.8871747,ModelC
2019-11-14,16.71057145,ModelC
2019-11-15,16.25430952,ModelC
2019-11-16,16.00315131,ModelC
2019-11-17,15.84241496,ModelC
2019-11-18,16.15601278,ModelC
2019-11-19,15.64241767,ModelC
2019-11-20,11.01239616,ModelC
2019-11-21,0.023636706,ModelC
2019-11-22,1.730892176,ModelC
2019-11-23,4.453237663,ModelC
2019-11-24,2.462618359,ModelC
2019-11-25,0.388567071,ModelC
2019-11-26,5.494538579,ModelC
2019-11-27,5.233422681,ModelC
2019-11-28,0.494329215,ModelC
2019-11-29,96.19424581,ModelC
2019-11-30,2.104281913,ModelC
2019-12-01,1.61144309,ModelC
2019-12-02,1.458447363,ModelC
2019-12-03,2.746909858,ModelC
2019-12-04,5.36222237,ModelC
2019-12-05,13.88284524,ModelC
2019-12-06,68.85133571,ModelC
2019-12-07,3.192246644,ModelC
2019-12-08,5.72400853,ModelC
2019-12-09,5.712663287,ModelC
2019-12-10,1.765724941,ModelC
2019-12-11,2.392550984,ModelC
2019-12-12,5.030682216,ModelC
2019-12-13,0.190271328,ModelC
2019-12-14,7.941434389,ModelC
2019-12-15,7.58849434,ModelC
2019-12-16,7.528363805,ModelC
2019-12-17,8.187176682,ModelC
2019-12-18,5.71874282,ModelC
2019-12-19,2.050629182,ModelC
2019-12-20,1.710905703,ModelC
2019-12-21,7.582883177,ModelC
2019-12-22,6.049569459,ModelC
2019-12-23,4.879550102,ModelC
2019-12-24,1.095373471,ModelC
2019-12-25,7.192444179,ModelC
2019-12-26,5.868444733,ModelC
2019-12-27,4.209808783,ModelC
2019-12-28,10.55263697,ModelC
2019-12-29,13.2317958,ModelC
2019-12-30,7.592963154,ModelC
2019-12-31,4.102755478,ModelC
2019-01-01,2.414512041,ModelD
2019-01-02,0.124714847,ModelD
2019-01-03,3.989884338,ModelD
2019-01-04,3.443901371,ModelD
2019-01-05,3.044760069,ModelD
2019-01-06,4.560682509,ModelD
2019-01-07,4.92723441,ModelD
2019-01-08,90.67526213,ModelD
2019-01-09,184.767729,ModelD
2019-01-10,23.5391366,ModelD
2019-01-11,39.68182275,ModelD
2019-01-12,37.02003733,ModelD
2019-01-13,35.33521384,ModelD
2019-01-14,28.70027896,ModelD
2019-01-15,19.2797264,ModelD
2019-01-16,15.34045064,ModelD
2019-01-17,18.03252227,ModelD
2019-01-18,19.68076881,ModelD
2019-01-19,13.84711679,ModelD
2019-01-20,0.137386683,ModelD
2019-01-21,1.45984936,ModelD
2019-01-22,4.548252727,ModelD
2019-01-23,8.794080118,ModelD
2019-01-24,11.04006361,ModelD
2019-01-25,2.797082614,ModelD
2019-01-26,0.543540475,ModelD
2019-01-27,8.003261246,ModelD
2019-01-28,13.76776412,ModelD
2019-01-29,15.23431102,ModelD
2019-01-30,10.6657893,ModelD
2019-01-31,7.835263838,ModelD
2019-02-01,12.54745215,ModelD
2019-02-02,14.81371648,ModelD
2019-02-03,12.10845364,ModelD
2019-02-04,13.48166225,ModelD
2019-02-05,10.32305071,ModelD
2019-02-06,7.939872876,ModelD
2019-02-07,13.11596983,ModelD
2019-02-08,15.21787143,ModelD
2019-02-09,10.57098342,ModelD
2019-02-10,3.437827472,ModelD
2019-02-11,10.52848565,ModelD
2019-02-12,9.73641656,ModelD
2019-02-13,15.70944095,ModelD
2019-02-14,20.07334106,ModelD
2019-02-15,25.91425297,ModelD
2019-02-16,28.07857975,ModelD
2019-02-17,26.13355713,ModelD
2019-02-18,16.18316588,ModelD
2019-02-19,15.21534789,ModelD
2019-02-20,9.979861769,ModelD
2019-02-21,3.30837082,ModelD
2019-02-22,9.192235467,ModelD
2019-02-23,11.25115327,ModelD
2019-02-24,10.77998613,ModelD
2019-02-25,11.3558779,ModelD
2019-02-26,33.57663065,ModelD
2019-02-27,14.02540917,ModelD
2019-02-28,3.237499833,ModelD
2019-03-01,7.059747909,ModelD
2019-03-02,16.18683774,ModelD
2019-03-03,19.85558909,ModelD
2019-03-04,6.579005783,ModelD
2019-03-05,10.33075503,ModelD
2019-03-06,13.64878424,ModelD
2019-03-07,5.075630906,ModelD
2019-03-08,3.998097937,ModelD
2019-03-09,0.247749026,ModelD
2019-03-10,74.62658853,ModelD
2019-03-11,18.09992556,ModelD
2019-03-12,20.07584372,ModelD
2019-03-13,22.01052728,ModelD
2019-03-14,52.32023525,ModelD
2019-03-15,15.90813733,ModelD
2019-03-16,15.44557883,ModelD
2019-03-17,11.51185341,ModelD
2019-03-18,5.444828399,ModelD
2019-03-19,10.63978523,ModelD
2019-03-20,7.399052289,ModelD
2019-03-21,3.996898708,ModelD
2019-03-22,64.82214225,ModelD
2019-03-23,6.48410725,ModelD
2019-03-24,2.634319332,ModelD
2019-03-25,3.229698059,ModelD
2019-03-26,2.7079868,ModelD
2019-03-27,6.876366393,ModelD
2019-03-28,5.913906806,ModelD
2019-03-29,8.096084311,ModelD
2019-03-30,13.74085354,ModelD
2019-03-31,7.7490868,ModelD
2019-04-01,0.77285545,ModelD
2019-04-02,5.316498109,ModelD
2019-04-03,2.650912323,ModelD
2019-04-04,4.308763223,ModelD
2019-04-05,3.383441389,ModelD
2019-04-06,1.024785189,ModelD
2019-04-07,7.955056759,ModelD
2019-04-08,12.86864398,ModelD
2019-04-09,25.11794765,ModelD
2019-04-10,18.42024228,ModelD
2019-04-11,5.338754932,ModelD
2019-04-12,0.238496369,ModelD
2019-04-13,12.60904058,ModelD
2019-04-14,14.02725407,ModelD
2019-04-15,4.839113542,ModelD
2019-04-16,3.938517958,ModelD
2019-04-17,2.702682415,ModelD
2019-04-18,4.276517064,ModelD
2019-04-19,8.02842689,ModelD
2019-04-20,2.877353441,ModelD
2019-04-21,15.40732828,ModelD
2019-04-22,12.71777029,ModelD
2019-04-23,10.10331282,ModelD
2019-04-24,5.309028645,ModelD
2019-04-25,0.945123793,ModelD
2019-04-26,1.182579035,ModelD
2019-04-27,6.289027753,ModelD
2019-04-28,5.68164889,ModelD
2019-04-29,4.553490451,ModelD
2019-04-30,1.582673371,ModelD
2019-05-01,2.423570874,ModelD
2019-05-02,12.76350559,ModelD
2019-05-03,13.14222051,ModelD
2019-05-04,21.21415774,ModelD
2019-05-05,22.49763114,ModelD
2019-05-06,14.49930048,ModelD
2019-05-07,6.978573266,ModelD
2019-05-08,5.164570208,ModelD
2019-05-09,5.568807228,ModelD
2019-05-10,1.324817346,ModelD
2019-05-11,9.097299606,ModelD
2019-05-12,8.282490319,ModelD
2019-05-13,2.136626554,ModelD
2019-05-14,1.725965282,ModelD
2019-05-15,1.615492164,ModelD
2019-05-16,0.832047666,ModelD
2019-05-17,3.248861674,ModelD
2019-05-18,4.248500541,ModelD
2019-05-19,4.547226504,ModelD
2019-05-20,0.384770784,ModelD
2019-05-21,6.277204691,ModelD
2019-05-22,1.898547065,ModelD
2019-05-23,0.520123784,ModelD
2019-05-24,1.373810299,ModelD
2019-05-25,1.694929382,ModelD
2019-05-26,4.067249045,ModelD
2019-05-27,1.384378839,ModelD
2019-05-28,5.157149455,ModelD
2019-05-29,4.863906706,ModelD
2019-05-30,3.474796296,ModelD
2019-05-31,4.19803041,ModelD
2019-06-01,0.980560166,ModelD
2019-06-02,2.211975217,ModelD
2019-06-03,7.635016352,ModelD
2019-06-04,2.32721942,ModelD
2019-06-05,4.334438087,ModelD
2019-06-06,5.046331599,ModelD
2019-06-07,3.934773287,ModelD
2019-06-08,3.767965482,ModelD
2019-06-09,1.603335106,ModelD
2019-06-10,0.999112538,ModelD
2019-06-11,4.400283692,ModelD
2019-06-12,4.821365463,ModelD
2019-06-13,1.161756191,ModelD
2019-06-14,2.477345217,ModelD
2019-06-15,2.474713652,ModelD
2019-06-16,10.96222818,ModelD
2019-06-17,10.1307021,ModelD
2019-06-18,4.065397962,ModelD
2019-06-19,1.998424776,ModelD
2019-06-20,4.423776294,ModelD
2019-06-21,1.047483914,ModelD
2019-06-22,0.628357793,ModelD
2019-06-23,9.063020213,ModelD
2019-06-24,7.01298894,ModelD
2019-06-25,4.384953799,ModelD
2019-06-26,3.974521614,ModelD
2019-06-27,7.159491039,ModelD
2019-06-28,9.211018794,ModelD
2019-06-29,13.06797398,ModelD
2019-06-30,9.972695663,ModelD
2019-07-01,7.804699049,ModelD
2019-07-02,9.279186373,ModelD
2019-07-03,9.875747658,ModelD
2019-07-04,5.343155887,ModelD
2019-07-05,3.59740269,ModelD
2019-07-06,17.66858733,ModelD
2019-07-07,22.54697812,ModelD
2019-07-08,11.42337829,ModelD
2019-07-09,9.989035466,ModelD
2019-07-10,7.659245226,ModelD
2019-07-11,26.6823656,ModelD
2019-07-12,21.63681259,ModelD
2019-07-13,14.97446571,ModelD
2019-07-14,10.18403121,ModelD
2019-07-15,8.685078117,ModelD
2019-07-16,2.1471219,ModelD
2019-07-17,7.707707188,ModelD
2019-07-18,6.07977867,ModelD
2019-07-19,10.60551865,ModelD
2019-07-20,1.348219094,ModelD
2019-07-21,5.907365383,ModelD
2019-07-22,5.886583463,ModelD
2019-07-23,10.00805505,ModelD
2019-07-24,9.050296366,ModelD
2019-07-25,8.479185355,ModelD
2019-07-26,2.39604619,ModelD
2019-07-27,3.601057994,ModelD
2019-07-28,2.942592511,ModelD
2019-07-29,10.04701579,ModelD
2019-07-30,2.015512651,ModelD
2019-07-31,7.807755332,ModelD
2019-08-01,5.029653659,ModelD
2019-08-02,1.557337811,ModelD
2019-08-03,2.036234484,ModelD
2019-08-04,1.3895886,ModelD
2019-08-05,0.283693948,ModelD
2019-08-06,6.683965438,ModelD
2019-08-07,7.155728585,ModelD
2019-08-08,1.43368645,ModelD
2019-08-09,13.80049589,ModelD
2019-08-10,1.042091398,ModelD
2019-08-11,1.39388508,ModelD
2019-08-12,3.318517973,ModelD
2019-08-13,3.73428786,ModelD
2019-08-14,3.055454092,ModelD
2019-08-15,2.432041319,ModelD
2019-08-16,13.61796005,ModelD
2019-08-17,6.535219937,ModelD
2019-08-18,3.269878582,ModelD
2019-08-19,3.242302181,ModelD
2019-08-20,3.919280691,ModelD
2019-08-21,1.08781681,ModelD
2019-08-22,0.468374254,ModelD
2019-08-23,0.179296236,ModelD
2019-08-24,5.043619608,ModelD
2019-08-25,5.446989789,ModelD
2019-08-26,7.284024703,ModelD
2019-08-27,11.39900666,ModelD
2019-08-28,9.88664568,ModelD
2019-08-29,7.755564291,ModelD
2019-08-30,4.777736887,ModelD
2019-08-31,6.356508441,ModelD
2019-09-01,14.02871999,ModelD
2019-09-02,11.80472368,ModelD
2019-09-03,4.803659539,ModelD
2019-09-04,3.992535563,ModelD
2019-09-05,4.563492169,ModelD
2019-09-06,3.634824772,ModelD
2019-09-07,2.772654182,ModelD
2019-09-08,4.145479888,ModelD
2019-09-09,2.798808957,ModelD
2019-09-10,7.463601646,ModelD
2019-09-11,13.62840921,ModelD
2019-09-12,14.15296937,ModelD
2019-09-13,9.612895859,ModelD
2019-09-14,2.770368316,ModelD
2019-09-15,9.207621098,ModelD
2019-09-16,6.442558764,ModelD
2019-09-17,7.184228676,ModelD
2019-09-18,8.700432042,ModelD
2019-09-19,9.572978697,ModelD
2019-09-20,2.266138757,ModelD
2019-09-21,1.254496468,ModelD
2019-09-22,4.115217347,ModelD
2019-09-23,4.939419593,ModelD
2019-09-24,13.56089028,ModelD
2019-09-25,9.714858461,ModelD
2019-09-26,3.618904468,ModelD
2019-09-27,4.950749016,ModelD
2019-09-28,1.719428053,ModelD
2019-09-29,6.467376596,ModelD
2019-09-30,0.218213226,ModelD
2019-10-01,10.23334433,ModelD
2019-10-02,7.228791821,ModelD
2019-10-03,12.95253651,ModelD
2019-10-04,3.76410106,ModelD
2019-10-05,4.209438333,ModelD
2019-10-06,4.695042765,ModelD
2019-10-07,2.137566025,ModelD
2019-10-08,4.460740056,ModelD
2019-10-09,5.468849708,ModelD
2019-10-10,9.178200681,ModelD
2019-10-11,7.874253421,ModelD
2019-10-12,38.01241113,ModelD
2019-10-13,24.31025334,ModelD
2019-10-14,8.286441088,ModelD
2019-10-15,10.26110234,ModelD
2019-10-16,5.657346303,ModelD
2019-10-17,3.035634776,ModelD
2019-10-18,4.36397061,ModelD
2019-10-19,5.697683539,ModelD
2019-10-20,6.543566585,ModelD
2019-10-21,4.406462,ModelD
2019-10-22,1.084407065,ModelD
2019-10-23,0.446981058,ModelD
2019-10-24,1.531534084,ModelD
2019-10-25,0.518133976,ModelD
2019-10-26,5.972563242,ModelD
2019-10-27,6.708109065,ModelD
2019-10-28,4.785437586,ModelD
2019-10-29,1.679756133,ModelD
2019-10-30,8.540877966,ModelD
2019-10-31,3.332762026,ModelD
2019-11-01,1.830654884,ModelD
2019-11-02,2.686115575,ModelD
2019-11-03,1.04577903,ModelD
2019-11-04,0.74712898,ModelD
2019-11-05,6.43274284,ModelD
2019-11-06,7.973298586,ModelD
2019-11-07,10.96587516,ModelD
2019-11-08,2.530402737,ModelD
2019-11-09,1.818812765,ModelD
2019-11-10,3.071864132,ModelD
2019-11-11,7.244352726,ModelD
2019-11-12,7.870300827,ModelD
2019-11-13,7.090087866,ModelD
2019-11-14,8.377317107,ModelD
2019-11-15,7.375416317,ModelD
2019-11-16,8.196577603,ModelD
2019-11-17,10.84598892,ModelD
2019-11-18,7.919077401,ModelD
2019-11-19,9.677979645,ModelD
2019-11-20,16.72583976,ModelD
2019-11-21,5.69236903,ModelD
2019-11-22,6.165841968,ModelD
2019-11-23,11.84540326,ModelD
2019-11-24,4.499212719,ModelD
2019-11-25,6.026760698,ModelD
2019-11-26,1.935202758,ModelD
2019-11-27,3.460748925,ModelD
2019-11-28,1.999344138,ModelD
2019-11-29,142.6097054,ModelD
2019-11-30,1.306115967,ModelD
2019-12-01,6.730132174,ModelD
2019-12-02,4.300775555,ModelD
2019-12-03,5.023893644,ModelD
2019-12-04,6.89754069,ModelD
2019-12-05,17.0611303,ModelD
2019-12-06,92.82559773,ModelD
2019-12-07,22.70386333,ModelD
2019-12-08,28.96553724,ModelD
2019-12-09,32.65254033,ModelD
2019-12-10,25.437638,ModelD
2019-12-11,16.67161987,ModelD
2019-12-12,9.809039841,ModelD
2019-12-13,18.50264299,ModelD
2019-12-14,6.403213499,ModelD
2019-12-15,1.494002924,ModelD
2019-12-16,3.114212722,ModelD
2019-12-17,10.18209033,ModelD
2019-12-18,1.395954869,ModelD
2019-12-19,9.975174088,ModelD
2019-12-20,12.82507293,ModelD
2019-12-21,0.092047593,ModelD
2019-12-22,1.212940986,ModelD
2019-12-23,1.793040837,ModelD
2019-12-24,3.857724162,ModelD
2019-12-25,5.633050782,ModelD
2019-12-26,5.764970799,ModelD
2019-12-27,6.203951284,ModelD
2019-12-28,6.835207498,ModelD
2019-12-29,8.918699587,ModelD
2019-12-30,4.301233029,ModelD
2019-12-31,6.312491337,ModelD
2019-01-01,8.487997146,ModelE
2019-01-02,9.732034679,ModelE
2019-01-03,9.991486692,ModelE
2019-01-04,8.337024658,ModelE
2019-01-05,2.84252988,ModelE
2019-01-06,1.055186459,ModelE
2019-01-07,1.349363649,ModelE
2019-01-08,88.30382935,ModelE
2019-01-09,153.2313368,ModelE
2019-01-10,17.63144018,ModelE
2019-01-11,28.79621452,ModelE
2019-01-12,23.07619027,ModelE
2019-01-13,18.35752868,ModelE
2019-01-14,13.73625374,ModelE
2019-01-15,7.137474143,ModelE
2019-01-16,4.759414421,ModelE
2019-01-17,5.113690829,ModelE
2019-01-18,6.934118993,ModelE
2019-01-19,8.938930535,ModelE
2019-01-20,6.008611491,ModelE
2019-01-21,9.705767081,ModelE
2019-01-22,6.251667642,ModelE
2019-01-23,4.441088995,ModelE
2019-01-24,2.501908968,ModelE
2019-01-25,10.87899745,ModelE
2019-01-26,8.168933781,ModelE
2019-01-27,4.634318209,ModelE
2019-01-28,2.914541777,ModelE
2019-01-29,2.45426894,ModelE
2019-01-30,4.200772326,ModelE
2019-01-31,6.952815199,ModelE
2019-02-01,3.401274572,ModelE
2019-02-02,2.66942038,ModelE
2019-02-03,4.467994008,ModelE
2019-02-04,3.127261426,ModelE
2019-02-05,3.100271449,ModelE
2019-02-06,4.279457137,ModelE
2019-02-07,0.922768297,ModelE
2019-02-08,0.972598311,ModelE
2019-02-09,2.331214447,ModelE
2019-02-10,5.812689646,ModelE
2019-02-11,1.406057937,ModelE
2019-02-12,4.869791281,ModelE
2019-02-13,6.022963139,ModelE
2019-02-14,10.40194611,ModelE
2019-02-15,14.84495045,ModelE
2019-02-16,15.48237945,ModelE
2019-02-17,13.34455122,ModelE
2019-02-18,8.540299889,ModelE
2019-02-19,9.325655936,ModelE
2019-02-20,2.499680737,ModelE
2019-02-21,2.522536775,ModelE
2019-02-22,5.262063786,ModelE
2019-02-23,5.225764545,ModelE
2019-02-24,3.144411748,ModelE
2019-02-25,3.615835206,ModelE
2019-02-26,23.98936694,ModelE
2019-02-27,9.090765379,ModelE
2019-02-28,0.708426801,ModelE
2019-03-01,3.010932073,ModelE
2019-03-02,15.60009989,ModelE
2019-03-03,16.75430705,ModelE
2019-03-04,1.732918069,ModelE
2019-03-05,1.953382006,ModelE
2019-03-06,2.181044379,ModelE
2019-03-07,3.391670515,ModelE
2019-03-08,2.940431966,ModelE
2019-03-09,3.336046424,ModelE
2019-03-10,68.69053945,ModelE
2019-03-11,10.47821364,ModelE
2019-03-12,12.13764117,ModelE
2019-03-13,20.83619812,ModelE
2019-03-14,53.94922614,ModelE
2019-03-15,10.88080344,ModelE
2019-03-16,13.23309235,ModelE
2019-03-17,7.671578671,ModelE
2019-03-18,0.453151726,ModelE
2019-03-19,2.115055864,ModelE
2019-03-20,0.669337666,ModelE
2019-03-21,1.968203143,ModelE
2019-03-22,67.83861649,ModelE
2019-03-23,2.321344038,ModelE
2019-03-24,0.41292767,ModelE
2019-03-25,0.093310214,ModelE
2019-03-26,2.984744364,ModelE
2019-03-27,2.70497508,ModelE
2019-03-28,2.287770788,ModelE
2019-03-29,0.123496366,ModelE
2019-03-30,2.27869174,ModelE
2019-03-31,0.526528274,ModelE
2019-04-01,1.941749751,ModelE
2019-04-02,4.240425717,ModelE
2019-04-03,0.232495177,ModelE
2019-04-04,1.741668804,ModelE
2019-04-05,1.050334441,ModelE
2019-04-06,0.753260884,ModelE
2019-04-07,5.955677925,ModelE
2019-04-08,5.720228593,ModelE
2019-04-09,7.682753808,ModelE
2019-04-10,5.896975753,ModelE
2019-04-11,0.945111893,ModelE
2019-04-12,4.223935012,ModelE
2019-04-13,1.329900053,ModelE
2019-04-14,0.590309494,ModelE
2019-04-15,4.283130555,ModelE
2019-04-16,6.482163516,ModelE
2019-04-17,5.158708044,ModelE
2019-04-18,3.472939676,ModelE
2019-04-19,8.715503726,ModelE
2019-04-20,3.981699255,ModelE
2019-04-21,2.779744803,ModelE
2019-04-22,2.160769241,ModelE
2019-04-23,1.509598623,ModelE
2019-04-24,0.496500998,ModelE
2019-04-25,2.184231079,ModelE
2019-04-26,1.446339909,ModelE
2019-04-27,3.625063484,ModelE
2019-04-28,4.315456619,ModelE
2019-04-29,4.062535023,ModelE
2019-04-30,0.151000276,ModelE
2019-05-01,6.260245934,ModelE
2019-05-02,13.68287663,ModelE
2019-05-03,6.942256768,ModelE
2019-05-04,9.161616047,ModelE
2019-05-05,9.119382758,ModelE
2019-05-06,5.667071641,ModelE
2019-05-07,3.723513506,ModelE
2019-05-08,3.297757141,ModelE
2019-05-09,5.3687408,ModelE
2019-05-10,2.283500588,ModelE
2019-05-11,2.885270158,ModelE
2019-05-12,5.379666552,ModelE
2019-05-13,2.144188054,ModelE
2019-05-14,0.592148468,ModelE
2019-05-15,1.73296436,ModelE
2019-05-16,0.522239072,ModelE
2019-05-17,1.118867799,ModelE
2019-05-18,1.694170873,ModelE
2019-05-19,1.349404152,ModelE
2019-05-20,0.792843103,ModelE
2019-05-21,2.963045455,ModelE
2019-05-22,1.81283606,ModelE
2019-05-23,0.863239374,ModelE
2019-05-24,0.650034687,ModelE
2019-05-25,0.860840308,ModelE
2019-05-26,3.741280438,ModelE
2019-05-27,0.925418969,ModelE
2019-05-28,1.785437017,ModelE
2019-05-29,4.084766217,ModelE
2019-05-30,0.918347405,ModelE
2019-05-31,1.668960023,ModelE
2019-06-01,1.450498621,ModelE
2019-06-02,0.913246403,ModelE
2019-06-03,2.517157448,ModelE
2019-06-04,1.539418728,ModelE
2019-06-05,1.671525205,ModelE
2019-06-06,2.895447465,ModelE
2019-06-07,2.633157493,ModelE
2019-06-08,1.569976884,ModelE
2019-06-09,2.234127687,ModelE
2019-06-10,2.046037236,ModelE
2019-06-11,1.134326731,ModelE
2019-06-12,0.151698953,ModelE
2019-06-13,1.13318371,ModelE
2019-06-14,0.248731901,ModelE
2019-06-15,0.706599366,ModelE
2019-06-16,5.165452745,ModelE
2019-06-17,4.834962042,ModelE
2019-06-18,1.542966033,ModelE
2019-06-19,1.433890541,ModelE
2019-06-20,3.773200476,ModelE
2019-06-21,4.017750121,ModelE
2019-06-22,2.519504976,ModelE
2019-06-23,0.3413485,ModelE
2019-06-24,0.191467409,ModelE
2019-06-25,0.273805108,ModelE
2019-06-26,0.566431317,ModelE
2019-06-27,4.024899556,ModelE
2019-06-28,4.604320666,ModelE
2019-06-29,6.791047363,ModelE
2019-06-30,5.575254719,ModelE
2019-07-01,5.200213317,ModelE
2019-07-02,5.305998679,ModelE
2019-07-03,4.608367712,ModelE
2019-07-04,5.522438968,ModelE
2019-07-05,3.970491832,ModelE
2019-07-06,4.122305785,ModelE
2019-07-07,7.647020525,ModelE
2019-07-08,0.833062663,ModelE
2019-07-09,0.039764757,ModelE
2019-07-10,0.484915723,ModelE
2019-07-11,20.34328882,ModelE
2019-07-12,10.04504682,ModelE
2019-07-13,4.061734494,ModelE
2019-07-14,2.865541998,ModelE
2019-07-15,1.381693523,ModelE
2019-07-16,0.230307372,ModelE
2019-07-17,0.576725235,ModelE
2019-07-18,0.547242228,ModelE
2019-07-19,1.836013605,ModelE
2019-07-20,0.220528195,ModelE
2019-07-21,0.224113969,ModelE
2019-07-22,0.104746367,ModelE
2019-07-23,0.726053174,ModelE
2019-07-24,0.714339276,ModelE
2019-07-25,0.751302775,ModelE
2019-07-26,1.280737129,ModelE
2019-07-27,1.949251863,ModelE
2019-07-28,1.885202127,ModelE
2019-07-29,3.166731185,ModelE
2019-07-30,3.183668819,ModelE
2019-07-31,1.748257307,ModelE
2019-08-01,3.255213712,ModelE
2019-08-02,3.930834395,ModelE
2019-08-03,3.311866744,ModelE
2019-08-04,3.101277424,ModelE
2019-08-05,3.920934659,ModelE
2019-08-06,3.955731084,ModelE
2019-08-07,4.767043721,ModelE
2019-08-08,6.394241925,ModelE
2019-08-09,2.821584124,ModelE
2019-08-10,3.149383162,ModelE
2019-08-11,0.288735615,ModelE
2019-08-12,2.547172465,ModelE
2019-08-13,3.214517028,ModelE
2019-08-14,3.107935145,ModelE
2019-08-15,3.073722515,ModelE
2019-08-16,10.11395115,ModelE
2019-08-17,0.634091963,ModelE
2019-08-18,2.894880362,ModelE
2019-08-19,2.591577452,ModelE
2019-08-20,4.467216817,ModelE
2019-08-21,3.707782435,ModelE
2019-08-22,3.293018456,ModelE
2019-08-23,2.621381212,ModelE
2019-08-24,3.837709814,ModelE
2019-08-25,4.734045648,ModelE
2019-08-26,4.849557635,ModelE
2019-08-27,8.153146408,ModelE
2019-08-28,9.960449323,ModelE
2019-08-29,8.694490533,ModelE
2019-08-30,9.035338743,ModelE
2019-08-31,10.03671253,ModelE
2019-09-01,10.55448597,ModelE
2019-09-02,9.973410514,ModelE
2019-09-03,7.202483382,ModelE
2019-09-04,5.603579234,ModelE
2019-09-05,6.483142006,ModelE
2019-09-06,6.737475586,ModelE
2019-09-07,3.903020796,ModelE
2019-09-08,5.130779094,ModelE
2019-09-09,4.674814935,ModelE
2019-09-10,7.035335387,ModelE
2019-09-11,7.952862668,ModelE
2019-09-12,9.824891017,ModelE
2019-09-13,11.17733034,ModelE
2019-09-14,10.78950975,ModelE
2019-09-15,13.73427897,ModelE
2019-09-16,13.30620178,ModelE
2019-09-17,11.98277839,ModelE
2019-09-18,10.87282594,ModelE
2019-09-19,12.44203785,ModelE
2019-09-20,7.393349341,ModelE
2019-09-21,6.907366575,ModelE
2019-09-22,5.879394731,ModelE
2019-09-23,9.255412693,ModelE
2019-09-24,11.90042426,ModelE
2019-09-25,10.5105593,ModelE
2019-09-26,6.668918066,ModelE
2019-09-27,5.408023169,ModelE
2019-09-28,6.627855829,ModelE
2019-09-29,7.461734455,ModelE
2019-09-30,5.71159895,ModelE
2019-10-01,2.418088415,ModelE
2019-10-02,0.310049724,ModelE
2019-10-03,9.958443755,ModelE
2019-10-04,2.614768167,ModelE
2019-10-05,0.076761444,ModelE
2019-10-06,4.208690722,ModelE
2019-10-07,5.170298333,ModelE
2019-10-08,7.450405577,ModelE
2019-10-09,7.500836717,ModelE
2019-10-10,10.03889977,ModelE
2019-10-11,10.52678467,ModelE
2019-10-12,32.8109957,ModelE
2019-10-13,20.67023073,ModelE
2019-10-14,4.240258405,ModelE
2019-10-15,0.676687673,ModelE
2019-10-16,6.863101973,ModelE
2019-10-17,8.798537033,ModelE
2019-10-18,7.832203191,ModelE
2019-10-19,8.265188088,ModelE
2019-10-20,7.586488368,ModelE
2019-10-21,8.080954729,ModelE
2019-10-22,9.243954221,ModelE
2019-10-23,8.760044448,ModelE
2019-10-24,9.519476822,ModelE
2019-10-25,8.876405872,ModelE
2019-10-26,7.308415505,ModelE
2019-10-27,5.813692979,ModelE
2019-10-28,6.109508228,ModelE
2019-10-29,7.154640102,ModelE
2019-10-30,11.32619692,ModelE
2019-10-31,10.99158104,ModelE
2019-11-01,13.28793977,ModelE
2019-11-02,10.37798835,ModelE
2019-11-03,11.41941842,ModelE
2019-11-04,9.313870057,ModelE
2019-11-05,10.45258126,ModelE
2019-11-06,8.993862414,ModelE
2019-11-07,9.937022362,ModelE
2019-11-08,9.037813011,ModelE
2019-11-09,11.5116593,ModelE
2019-11-10,11.87974461,ModelE
2019-11-11,16.26810972,ModelE
2019-11-12,16.85532546,ModelE
2019-11-13,16.00397287,ModelE
2019-11-14,17.06613566,ModelE
2019-11-15,16.29457726,ModelE
2019-11-16,15.9201712,ModelE
2019-11-17,15.82798248,ModelE
2019-11-18,15.73731044,ModelE
2019-11-19,15.97603007,ModelE
2019-11-20,17.40468392,ModelE
2019-11-21,2.98871254,ModelE
2019-11-22,5.482525635,ModelE
2019-11-23,12.9007086,ModelE
2019-11-24,6.880847667,ModelE
2019-11-25,0.6337117,ModelE
2019-11-26,4.779468143,ModelE
2019-11-27,4.271980273,ModelE
2019-11-28,0.249996803,ModelE
2019-11-29,138.8163245,ModelE
2019-11-30,0.952294649,ModelE
2019-12-01,2.843308513,ModelE
2019-12-02,0.639257179,ModelE
2019-12-03,0.441929549,ModelE
2019-12-04,0.760301832,ModelE
2019-12-05,14.20991035,ModelE
2019-12-06,84.5167746,ModelE
2019-12-07,14.33220611,ModelE
2019-12-08,19.95384923,ModelE
2019-12-09,22.89877351,ModelE
2019-12-10,16.97872188,ModelE
2019-12-11,8.635179495,ModelE
2019-12-12,4.607809584,ModelE
2019-12-13,7.816719352,ModelE
2019-12-14,2.501841315,ModelE
2019-12-15,4.684030943,ModelE
2019-12-16,8.972906059,ModelE
2019-12-17,12.70431233,ModelE
2019-12-18,5.72766764,ModelE
2019-12-19,0.926104823,ModelE
2019-12-20,2.061323307,ModelE
2019-12-21,5.660123679,ModelE
2019-12-22,5.885862663,ModelE
2019-12-23,6.337803238,ModelE
2019-12-24,0.21628351,ModelE
2019-12-25,2.94041308,ModelE
2019-12-26,9.594994826,ModelE
2019-12-27,9.743463934,ModelE
2019-12-28,13.16991022,ModelE
2019-12-29,14.57722108,ModelE
2019-12-30,8.442896529,ModelE
2019-12-31,11.49734389,ModelE
